[{"id":1,"question":"Quels sont selon vous les points forts de notre service ?","reponse":"Gruyère, Sérac, Appenzel, Gorgonzola, Tomates"},{"id":2,"question":"Quels aspects de notre service pourraient être améliorés ?","reponse":"Tomates, Courgettes, Oignons, Aubergines, Poivrons"},{"id":3,"question":"Y a-t-il des fonctionnalités ou des services supplémentaires que vous aimeriez voir ?","reponse":"Tomates, Courgettes, Oignons, Aubergines, Poivrons"},{"id":4,"question":"Quels sont selon vous les points forts de notre service ?","reponse":"oui"},{"id":5,"question":"Quels sont selon vous les points forts de notre service ?","reponse":"oui"},{"id":6,"question":"Quels sont selon vous les points forts de notre service ?","reponse":"a"},{"id":7,"question":"Quels sont selon vous les points forts de notre service ?","reponse":"a"},{"id":8,"question":"Quels sont selon vous les points forts de notre service ?","reponse":"as"},{"id":9,"question":"Quels sont selon vous les points forts de notre service ?","reponse":"dqs"},{"id":10,"question":"Quels sont selon vous les points forts de notre service ?","reponse":"az"},{"id":11,"question":"Quels sont selon vous les points forts de notre service ?","reponse":"azaza"},{"id":12,"question":"Quels sont selon vous les points forts de notre service ?","reponse":"as"},{"id":13,"question":"Quels sont selon vous les points forts de notre service ?","reponse":"sasa"},{"id":14,"question":"Quels aspects de notre service pourraient être améliorés ?","reponse":"sasaasas"},{"id":15,"question":"Quels sont selon vous les points forts de notre service ?","reponse":"asas"},{"id":16,"question":"Y a-t-il des fonctionnalités ou des services supplémentaires que vous aimeriez voir ?","reponse":"as"},{"id":17,"question":"Quels aspects de notre service pourraient être améliorés ?","reponse":"ass"},{"id":18,"question":"Quels aspects de notre service pourraient être améliorés ?","reponse":"Voila"},{"id":19,"question":"Y a-t-il des fonctionnalités ou des services supplémentaires que vous aimeriez voir ?","reponse":"asa"},{"id":20,"question":"Quels sont selon vous les points forts de notre service ?","reponse":"s"}]